Model,Accuracy,AUC,Precision,Recall,F1,MCC
Logistic Regression,0.740625,0.8241689234271361,0.7682926829268293,0.7368421052631579,0.7522388059701492,0.4808188298140257
Decision Tree,0.753125,0.7717728325287492,0.7705882352941177,0.7660818713450293,0.7683284457478006,0.5041291939919447
KNN,0.740625,0.8117076808351975,0.7588235294117647,0.7543859649122807,0.7565982404692082,0.4790208139020735
Naive Bayes,0.721875,0.7883747399819458,0.7733333333333333,0.6783625730994152,0.7227414330218068,0.44998924942316
Random Forest,0.803125,0.9019977236155265,0.8292682926829268,0.7953216374269005,0.8119402985074626,0.6061544648258277
XGBoost,0.825,0.8963460104399702,0.8484848484848485,0.8187134502923976,0.8333333333333334,0.6497053833343903
